Url,Sider
,http://sideeffects.embl.de/se/C0000809/
,http://sideeffects.embl.de/se/C0000821/
,http://sideeffects.embl.de/se/C0000887/
,http://sideeffects.embl.de/se/C0001080/
,http://sideeffects.embl.de/se/C0001197/
,http://sideeffects.embl.de/se/C0001422/
,http://sideeffects.embl.de/se/C0001429/
,http://sideeffects.embl.de/se/C0001519/
,http://sideeffects.embl.de/se/C0001727/
,http://sideeffects.embl.de/se/C0001825/
,http://sideeffects.embl.de/se/C0001857/
,http://sideeffects.embl.de/se/C0001889/
,http://sideeffects.embl.de/se/C0002018/
,http://sideeffects.embl.de/se/C0002066/
,http://sideeffects.embl.de/se/C0002173/
,http://sideeffects.embl.de/se/C0002312/
,http://sideeffects.embl.de/se/C0002448/
,http://sideeffects.embl.de/se/C0002636/
,http://sideeffects.embl.de/se/C0002694/
,http://sideeffects.embl.de/se/C0002831/
,http://sideeffects.embl.de/se/C0002881/
,http://sideeffects.embl.de/se/C0002985/
,http://sideeffects.embl.de/se/C0002991/
,http://sideeffects.embl.de/se/C0003076/
,http://sideeffects.embl.de/se/C0003078/
,http://sideeffects.embl.de/se/C0003081/
,http://sideeffects.embl.de/se/C0003090/
,http://sideeffects.embl.de/se/C0003113/
,http://sideeffects.embl.de/se/C0003132/
,http://sideeffects.embl.de/se/C0003165/
,http://sideeffects.embl.de/se/C0003499/
,http://sideeffects.embl.de/se/C0003505/
,http://sideeffects.embl.de/se/C0003509/
,http://sideeffects.embl.de/se/C0003706/
,http://sideeffects.embl.de/se/C0003782/
,http://sideeffects.embl.de/se/C0003803/
,http://sideeffects.embl.de/se/C0003949/
,http://sideeffects.embl.de/se/C0004106/
,http://sideeffects.embl.de/se/C0004135/
,http://sideeffects.embl.de/se/C0004372/
,http://sideeffects.embl.de/se/C0004760/
,http://sideeffects.embl.de/se/C0004943/
,http://sideeffects.embl.de/se/C0005416/
,http://sideeffects.embl.de/se/C0005744/
,http://sideeffects.embl.de/se/C0005859/
,http://sideeffects.embl.de/se/C0006110/
,http://sideeffects.embl.de/se/C0006131/
,http://sideeffects.embl.de/se/C0006160/
,http://sideeffects.embl.de/se/C0006262/
,http://sideeffects.embl.de/se/C0006281/
,http://sideeffects.embl.de/se/C0006288/
,http://sideeffects.embl.de/se/C0006386/
,http://sideeffects.embl.de/se/C0007118/
,http://sideeffects.embl.de/se/C0007129/
,http://sideeffects.embl.de/se/C0007130/
,http://sideeffects.embl.de/se/C0007279/
,http://sideeffects.embl.de/se/C0007688/
,http://sideeffects.embl.de/se/C0007786/
,http://sideeffects.embl.de/se/C0007894/
,http://sideeffects.embl.de/se/C0007965/
,http://sideeffects.embl.de/se/C0008029/
,http://sideeffects.embl.de/se/C0008055/
,http://sideeffects.embl.de/se/C0008297/
,http://sideeffects.embl.de/se/C0008340/
,http://sideeffects.embl.de/se/C0008373/
,http://sideeffects.embl.de/se/C0008441/
,http://sideeffects.embl.de/se/C0008475/
,http://sideeffects.embl.de/se/C0008476/
,http://sideeffects.embl.de/se/C0008479/
,http://sideeffects.embl.de/se/C0008487/
,http://sideeffects.embl.de/se/C0008495/
,http://sideeffects.embl.de/se/C0008522/
,http://sideeffects.embl.de/se/C0008574/
,http://sideeffects.embl.de/se/C0008701/
,http://sideeffects.embl.de/se/C0008780/
,http://sideeffects.embl.de/se/C0009021/
,http://sideeffects.embl.de/se/C0009171/
,http://sideeffects.embl.de/se/C0009187/
,http://sideeffects.embl.de/se/C0009363/
,http://sideeffects.embl.de/se/C0009451/
,http://sideeffects.embl.de/se/C0009653/
,http://sideeffects.embl.de/se/C0009677/
,http://sideeffects.embl.de/se/C0009765/
,http://sideeffects.embl.de/se/C0009995/
,http://sideeffects.embl.de/se/C0010035/
,http://sideeffects.embl.de/se/C0010324/
,http://sideeffects.embl.de/se/C0010356/
,http://sideeffects.embl.de/se/C0010392/
,http://sideeffects.embl.de/se/C0010403/
,http://sideeffects.embl.de/se/C0010606/
,http://sideeffects.embl.de/se/C0010631/
,http://sideeffects.embl.de/se/C0010678/
,http://sideeffects.embl.de/se/C0010701/
,http://sideeffects.embl.de/se/C0010964/
,http://sideeffects.embl.de/se/C0011119/
,http://sideeffects.embl.de/se/C0011311/
,http://sideeffects.embl.de/se/C0011330/
,http://sideeffects.embl.de/se/C0011378/
,http://sideeffects.embl.de/se/C0011389/
,http://sideeffects.embl.de/se/C0011428/
,http://sideeffects.embl.de/se/C0011436/
,http://sideeffects.embl.de/se/C0011599/
,http://sideeffects.embl.de/se/C0011813/
,http://sideeffects.embl.de/se/C0011999/
,http://sideeffects.embl.de/se/C0012819/
,http://sideeffects.embl.de/se/C0013069/
,http://sideeffects.embl.de/se/C0013100/
,http://sideeffects.embl.de/se/C0013142/
,http://sideeffects.embl.de/se/C0013264/
,http://sideeffects.embl.de/se/C0013292/
,http://sideeffects.embl.de/se/C0013299/
,http://sideeffects.embl.de/se/C0013393/
,http://sideeffects.embl.de/se/C0013403/
,http://sideeffects.embl.de/se/C0013570/
,http://sideeffects.embl.de/se/C0013578/
,http://sideeffects.embl.de/se/C0013580/
,http://sideeffects.embl.de/se/C0013581/
,http://sideeffects.embl.de/se/C0013720/
,http://sideeffects.embl.de/se/C0013882/
,http://sideeffects.embl.de/se/C0013902/
,http://sideeffects.embl.de/se/C0013911/
,http://sideeffects.embl.de/se/C0013926/
,http://sideeffects.embl.de/se/C0014012/
,http://sideeffects.embl.de/se/C0014013/
,http://sideeffects.embl.de/se/C0014014/
,http://sideeffects.embl.de/se/C0014057/
,http://sideeffects.embl.de/se/C0014068/
,http://sideeffects.embl.de/se/C0014084/
,http://sideeffects.embl.de/se/C0014100/
,http://sideeffects.embl.de/se/C0014390/
,http://sideeffects.embl.de/se/C0014461/
,http://sideeffects.embl.de/se/C0014741/
,http://sideeffects.embl.de/se/C0014818/
,http://sideeffects.embl.de/se/C0014856/
,http://sideeffects.embl.de/se/C0015029/
,http://sideeffects.embl.de/se/C0015231/
,http://sideeffects.embl.de/se/C0015310/
,http://sideeffects.embl.de/se/C0015499/
,http://sideeffects.embl.de/se/C0015503/
,http://sideeffects.embl.de/se/C0015526/
,http://sideeffects.embl.de/se/C0015530/
,http://sideeffects.embl.de/se/C0015652/
,http://sideeffects.embl.de/se/C0015696/
,http://sideeffects.embl.de/se/C0015702/
,http://sideeffects.embl.de/se/C0015704/
,http://sideeffects.embl.de/se/C0015938/
,http://sideeffects.embl.de/se/C0016037/
,http://sideeffects.embl.de/se/C0016048/
,http://sideeffects.embl.de/se/C0016052/
,http://sideeffects.embl.de/se/C0016057/
,http://sideeffects.embl.de/se/C0016063/
,http://sideeffects.embl.de/se/C0016196/
,http://sideeffects.embl.de/se/C0016202/
,http://sideeffects.embl.de/se/C0016627/
,http://sideeffects.embl.de/se/C0016632/
,http://sideeffects.embl.de/se/C0016663/
,http://sideeffects.embl.de/se/C0016667/
,http://sideeffects.embl.de/se/C0016736/
,http://sideeffects.embl.de/se/C0016781/
,http://sideeffects.embl.de/se/C0016879/
,http://sideeffects.embl.de/se/C0016952/
,http://sideeffects.embl.de/se/C0017075/
,http://sideeffects.embl.de/se/C0017128/
,http://sideeffects.embl.de/se/C0017145/
,http://sideeffects.embl.de/se/C0017409/
,http://sideeffects.embl.de/se/C0017609/
,http://sideeffects.embl.de/se/C0017639/
,http://sideeffects.embl.de/se/C0017653/
,http://sideeffects.embl.de/se/C0017661/
,http://sideeffects.embl.de/se/C0017671/
,http://sideeffects.embl.de/se/C0017920/
,http://sideeffects.embl.de/se/C0017921/
,http://sideeffects.embl.de/se/C0017922/
,http://sideeffects.embl.de/se/C0017924/
,http://sideeffects.embl.de/se/C0018022/
,http://sideeffects.embl.de/se/C0018051/
,http://sideeffects.embl.de/se/C0018196/
,http://sideeffects.embl.de/se/C0018203/
,http://sideeffects.embl.de/se/C0018482/
,http://sideeffects.embl.de/se/C0018536/
,http://sideeffects.embl.de/se/C0018553/
,http://sideeffects.embl.de/se/C0018777/
,http://sideeffects.embl.de/se/C0018781/
,http://sideeffects.embl.de/se/C0018922/
,http://sideeffects.embl.de/se/C0018923/
,http://sideeffects.embl.de/se/C0018934/
,http://sideeffects.embl.de/se/C0018948/
,http://sideeffects.embl.de/se/C0019045/
,http://sideeffects.embl.de/se/C0019068/
,http://sideeffects.embl.de/se/C0019077/
,http://sideeffects.embl.de/se/C0019100/
,http://sideeffects.embl.de/se/C0019101/
,http://sideeffects.embl.de/se/C0019250/
,http://sideeffects.embl.de/se/C0019269/
,http://sideeffects.embl.de/se/C0019285/
,http://sideeffects.embl.de/se/C0019288/
,http://sideeffects.embl.de/se/C0019296/
,http://sideeffects.embl.de/se/C0019310/
,http://sideeffects.embl.de/se/C0019326/
,http://sideeffects.embl.de/se/C0019343/
,http://sideeffects.embl.de/se/C0019562/
,http://sideeffects.embl.de/se/C0020225/
,http://sideeffects.embl.de/se/C0020256/
,http://sideeffects.embl.de/se/C0020258/
,http://sideeffects.embl.de/se/C0020303/
,http://sideeffects.embl.de/se/C0020413/
,http://sideeffects.embl.de/se/C0020490/
,http://sideeffects.embl.de/se/C0020534/
,http://sideeffects.embl.de/se/C0020575/
,http://sideeffects.embl.de/se/C0020608/
,http://sideeffects.embl.de/se/C0020630/
,http://sideeffects.embl.de/se/C0021818/
,http://sideeffects.embl.de/se/C0021828/
,http://sideeffects.embl.de/se/C0021833/
,http://sideeffects.embl.de/se/C0021890/
,http://sideeffects.embl.de/se/C0022336/
,http://sideeffects.embl.de/se/C0022387/
,http://sideeffects.embl.de/se/C0022584/
,http://sideeffects.embl.de/se/C0022610/
,http://sideeffects.embl.de/se/C0022681/
,http://sideeffects.embl.de/se/C0022716/
,http://sideeffects.embl.de/se/C0022729/
,http://sideeffects.embl.de/se/C0022738/
,http://sideeffects.embl.de/se/C0022739/
,http://sideeffects.embl.de/se/C0022790/
,http://sideeffects.embl.de/se/C0022802/
,http://sideeffects.embl.de/se/C0023003/
,http://sideeffects.embl.de/se/C0023075/
,http://sideeffects.embl.de/se/C0023264/
,http://sideeffects.embl.de/se/C0023283/
,http://sideeffects.embl.de/se/C0023309/
,http://sideeffects.embl.de/se/C0023364/
,http://sideeffects.embl.de/se/C0023462/
,http://sideeffects.embl.de/se/C0023465/
,http://sideeffects.embl.de/se/C0023493/
,http://sideeffects.embl.de/se/C0023522/
,http://sideeffects.embl.de/se/C0023743/
,http://sideeffects.embl.de/se/C0023786/
,http://sideeffects.embl.de/se/C0023882/
,http://sideeffects.embl.de/se/C0023944/
,http://sideeffects.embl.de/se/C0023968/
,http://sideeffects.embl.de/se/C0024140/
,http://sideeffects.embl.de/se/C0024214/
,http://sideeffects.embl.de/se/C0024221/
,http://sideeffects.embl.de/se/C0024224/
,http://sideeffects.embl.de/se/C0024266/
,http://sideeffects.embl.de/se/C0024307/
,http://sideeffects.embl.de/se/C0024433/
,http://sideeffects.embl.de/se/C0024534/
,http://sideeffects.embl.de/se/C0024591/
,http://sideeffects.embl.de/se/C0024636/
,http://sideeffects.embl.de/se/C0024776/
,http://sideeffects.embl.de/se/C0024897/
,http://sideeffects.embl.de/se/C0024901/
,http://sideeffects.embl.de/se/C0025048/
,http://sideeffects.embl.de/se/C0025060/
,http://sideeffects.embl.de/se/C0025164/
,http://sideeffects.embl.de/se/C0025184/
,http://sideeffects.embl.de/se/C0025229/
,http://sideeffects.embl.de/se/C0025235/
,http://sideeffects.embl.de/se/C0025239/
,http://sideeffects.embl.de/se/C0025267/
,http://sideeffects.embl.de/se/C0025268/
,http://sideeffects.embl.de/se/C0025269/
,http://sideeffects.embl.de/se/C0025295/
,http://sideeffects.embl.de/se/C0025349/
,http://sideeffects.embl.de/se/C0025470/
,http://sideeffects.embl.de/se/C0025530/
,http://sideeffects.embl.de/se/C0025587/
,http://sideeffects.embl.de/se/C0025945/
,http://sideeffects.embl.de/se/C0025990/
,http://sideeffects.embl.de/se/C0026010/
,http://sideeffects.embl.de/se/C0026034/
,http://sideeffects.embl.de/se/C0026069/
,http://sideeffects.embl.de/se/C0026141/
,http://sideeffects.embl.de/se/C0026277/
,http://sideeffects.embl.de/se/C0026635/
,http://sideeffects.embl.de/se/C0026654/
,http://sideeffects.embl.de/se/C0026691/
,http://sideeffects.embl.de/se/C0026703/
,http://sideeffects.embl.de/se/C0026705/
,http://sideeffects.embl.de/se/C0026709/
,http://sideeffects.embl.de/se/C0026760/
,http://sideeffects.embl.de/se/C0026771/
,http://sideeffects.embl.de/se/C0026780/
,http://sideeffects.embl.de/se/C0026847/
,http://sideeffects.embl.de/se/C0026850/
,http://sideeffects.embl.de/se/C0026936/
,http://sideeffects.embl.de/se/C0026953/
,http://sideeffects.embl.de/se/C0027030/
,http://sideeffects.embl.de/se/C0027055/
,http://sideeffects.embl.de/se/C0027122/
,http://sideeffects.embl.de/se/C0027126/
,http://sideeffects.embl.de/se/C0027127/
,http://sideeffects.embl.de/se/C0027583/
,http://sideeffects.embl.de/se/C0027662/
,http://sideeffects.embl.de/se/C0027746/
,http://sideeffects.embl.de/se/C0027859/
,http://sideeffects.embl.de/se/C0027873/
,http://sideeffects.embl.de/se/C0027983/
,http://sideeffects.embl.de/se/C0028064/
,http://sideeffects.embl.de/se/C0028271/
,http://sideeffects.embl.de/se/C0028326/
,http://sideeffects.embl.de/se/C0028756/
,http://sideeffects.embl.de/se/C0028796/
,http://sideeffects.embl.de/se/C0028860/
,http://sideeffects.embl.de/se/C0029051/
,http://sideeffects.embl.de/se/C0029128/
,http://sideeffects.embl.de/se/C0029293/
,http://sideeffects.embl.de/se/C0029410/
,http://sideeffects.embl.de/se/C0029411/
,http://sideeffects.embl.de/se/C0029420/
,http://sideeffects.embl.de/se/C0029421/
,http://sideeffects.embl.de/se/C0029423/
,http://sideeffects.embl.de/se/C0029440/
,http://sideeffects.embl.de/se/C0029454/
,http://sideeffects.embl.de/se/C0029459/
,http://sideeffects.embl.de/se/C0029461/
,http://sideeffects.embl.de/se/C0029899/
,http://sideeffects.embl.de/se/C0030167/
,http://sideeffects.embl.de/se/C0030214/
,http://sideeffects.embl.de/se/C0030283/
,http://sideeffects.embl.de/se/C0030372/
,http://sideeffects.embl.de/se/C0030422/
,http://sideeffects.embl.de/se/C0030424/
,http://sideeffects.embl.de/se/C0030436/
,http://sideeffects.embl.de/se/C0030442/
,http://sideeffects.embl.de/se/C0030472/
,http://sideeffects.embl.de/se/C0030804/
,http://sideeffects.embl.de/se/C0030849/
,http://sideeffects.embl.de/se/C0031029/
,http://sideeffects.embl.de/se/C0031038/
,http://sideeffects.embl.de/se/C0031069/
,http://sideeffects.embl.de/se/C0031269/
,http://sideeffects.embl.de/se/C0031557/
,http://sideeffects.embl.de/se/C0031880/
,http://sideeffects.embl.de/se/C0031900/
,http://sideeffects.embl.de/se/C0032026/
,http://sideeffects.embl.de/se/C0032044/
,http://sideeffects.embl.de/se/C0032046/
,http://sideeffects.embl.de/se/C0032051/
,http://sideeffects.embl.de/se/C0032209/
,http://sideeffects.embl.de/se/C0032229/
,http://sideeffects.embl.de/se/C0032241/
,http://sideeffects.embl.de/se/C0032249/
,http://sideeffects.embl.de/se/C0032268/
,http://sideeffects.embl.de/se/C0032273/
,http://sideeffects.embl.de/se/C0032310/
,http://sideeffects.embl.de/se/C0032586/
,http://sideeffects.embl.de/se/C0032650/
,http://sideeffects.embl.de/se/C0032897/
,http://sideeffects.embl.de/se/C0032984/
,http://sideeffects.embl.de/se/C0033074/
,http://sideeffects.embl.de/se/C0033300/
,http://sideeffects.embl.de/se/C0033324/
,http://sideeffects.embl.de/se/C0033586/
,http://sideeffects.embl.de/se/C0033626/
,http://sideeffects.embl.de/se/C0033677/
,http://sideeffects.embl.de/se/C0033785/
,http://sideeffects.embl.de/se/C0033790/
,http://sideeffects.embl.de/se/C0033802/
,http://sideeffects.embl.de/se/C0033804/
,http://sideeffects.embl.de/se/C0033822/
,http://sideeffects.embl.de/se/C0033847/
,http://sideeffects.embl.de/se/C0034216/
,http://sideeffects.embl.de/se/C0034494/
,http://sideeffects.embl.de/se/C0034543/
,http://sideeffects.embl.de/se/C0034895/
,http://sideeffects.embl.de/se/C0035320/
,http://sideeffects.embl.de/se/C0035334/
,http://sideeffects.embl.de/se/C0035361/
,http://sideeffects.embl.de/se/C0035411/
,http://sideeffects.embl.de/se/C0035450/
,http://sideeffects.embl.de/se/C0035469/
,http://sideeffects.embl.de/se/C0035528/
,http://sideeffects.embl.de/se/C0035613/
,http://sideeffects.embl.de/se/C0035934/
,http://sideeffects.embl.de/se/C0036091/
,http://sideeffects.embl.de/se/C0036094/
,http://sideeffects.embl.de/se/C0036205/
,http://sideeffects.embl.de/se/C0036323/
,http://sideeffects.embl.de/se/C0036330/
,http://sideeffects.embl.de/se/C0036400/
,http://sideeffects.embl.de/se/C0036631/
,http://sideeffects.embl.de/se/C0036828/
,http://sideeffects.embl.de/se/C0036920/
,http://sideeffects.embl.de/se/C0036981/
,http://sideeffects.embl.de/se/C0036986/
,http://sideeffects.embl.de/se/C0037005/
,http://sideeffects.embl.de/se/C0037033/
,http://sideeffects.embl.de/se/C0037050/
,http://sideeffects.embl.de/se/C0037054/
,http://sideeffects.embl.de/se/C0037221/
,http://sideeffects.embl.de/se/C0037231/
,http://sideeffects.embl.de/se/C0037354/
,http://sideeffects.embl.de/se/C0037370/
,http://sideeffects.embl.de/se/C0037772/
,http://sideeffects.embl.de/se/C0037773/
,http://sideeffects.embl.de/se/C0037856/
,http://sideeffects.embl.de/se/C0037889/
,http://sideeffects.embl.de/se/C0038016/
,http://sideeffects.embl.de/se/C0038018/
,http://sideeffects.embl.de/se/C0038159/
,http://sideeffects.embl.de/se/C0038187/
,http://sideeffects.embl.de/se/C0038355/
,http://sideeffects.embl.de/se/C0038359/
,http://sideeffects.embl.de/se/C0038478/
,http://sideeffects.embl.de/se/C0038505/
,http://sideeffects.embl.de/se/C0038522/
,http://sideeffects.embl.de/se/C0038531/
,http://sideeffects.embl.de/se/C0038539/
,http://sideeffects.embl.de/se/C0038565/
,http://sideeffects.embl.de/se/C0038819/
,http://sideeffects.embl.de/se/C0038828/
,http://sideeffects.embl.de/se/C0039101/
,http://sideeffects.embl.de/se/C0039133/
,http://sideeffects.embl.de/se/C0039234/
,http://sideeffects.embl.de/se/C0039254/
,http://sideeffects.embl.de/se/C0039273/
,http://sideeffects.embl.de/se/C0039319/
,http://sideeffects.embl.de/se/C0039445/
,http://sideeffects.embl.de/se/C0039494/
,http://sideeffects.embl.de/se/C0039516/
,http://sideeffects.embl.de/se/C0039538/
,http://sideeffects.embl.de/se/C0039585/
,http://sideeffects.embl.de/se/C0039747/
,http://sideeffects.embl.de/se/C0039984/
,http://sideeffects.embl.de/se/C0040015/
,http://sideeffects.embl.de/se/C0040124/
,http://sideeffects.embl.de/se/C0040254/
,http://sideeffects.embl.de/se/C0040381/
,http://sideeffects.embl.de/se/C0040412/
,http://sideeffects.embl.de/se/C0040433/
,http://sideeffects.embl.de/se/C0040443/
,http://sideeffects.embl.de/se/C0040451/
,http://sideeffects.embl.de/se/C0040457/
,http://sideeffects.embl.de/se/C0040553/
,http://sideeffects.embl.de/se/C0040560/
,http://sideeffects.embl.de/se/C0040561/
,http://sideeffects.embl.de/se/C0040583/
,http://sideeffects.embl.de/se/C0040799/
,http://sideeffects.embl.de/se/C0040820/
,http://sideeffects.embl.de/se/C0040962/
,http://sideeffects.embl.de/se/C0040963/
,http://sideeffects.embl.de/se/C0041227/
,http://sideeffects.embl.de/se/C0041309/
,http://sideeffects.embl.de/se/C0041316/
,http://sideeffects.embl.de/se/C0041325/
,http://sideeffects.embl.de/se/C0041326/
,http://sideeffects.embl.de/se/C0041328/
,http://sideeffects.embl.de/se/C0041755/
,http://sideeffects.embl.de/se/C0041915/
,http://sideeffects.embl.de/se/C0041960/
,http://sideeffects.embl.de/se/C0041971/
,http://sideeffects.embl.de/se/C0042021/
,http://sideeffects.embl.de/se/C0042111/
,http://sideeffects.embl.de/se/C0042166/
,http://sideeffects.embl.de/se/C0042237/
,http://sideeffects.embl.de/se/C0042253/
,http://sideeffects.embl.de/se/C0042582/
,http://sideeffects.embl.de/se/C0042636/
,http://sideeffects.embl.de/se/C0042783/
,http://sideeffects.embl.de/se/C0043019/
,http://sideeffects.embl.de/se/C0043020/
,http://sideeffects.embl.de/se/C0043194/
,http://sideeffects.embl.de/se/C0043395/
,http://sideeffects.embl.de/se/C0043407/
,http://sideeffects.embl.de/se/C0043459/
,http://sideeffects.embl.de/se/C0078888/
,http://sideeffects.embl.de/se/C0079541/
,http://sideeffects.embl.de/se/C0079581/
,http://sideeffects.embl.de/se/C0079588/
,http://sideeffects.embl.de/se/C0079840/
,http://sideeffects.embl.de/se/C0080218/
,http://sideeffects.embl.de/se/C0085106/
,http://sideeffects.embl.de/se/C0085109/
,http://sideeffects.embl.de/se/C0085167/
,http://sideeffects.embl.de/se/C0085215/
,http://sideeffects.embl.de/se/C0085220/
,http://sideeffects.embl.de/se/C0085222/
,http://sideeffects.embl.de/se/C0085232/
,http://sideeffects.embl.de/se/C0085261/
,http://sideeffects.embl.de/se/C0085270/
,http://sideeffects.embl.de/se/C0085278/
,http://sideeffects.embl.de/se/C0085280/
,http://sideeffects.embl.de/se/C0085390/
,http://sideeffects.embl.de/se/C0085395/
,http://sideeffects.embl.de/se/C0085404/
,http://sideeffects.embl.de/se/C0085411/
,http://sideeffects.embl.de/se/C0085511/
,http://sideeffects.embl.de/se/C0085541/
,http://sideeffects.embl.de/se/C0085543/
,http://sideeffects.embl.de/se/C0085568/
,http://sideeffects.embl.de/se/C0085592/
,http://sideeffects.embl.de/se/C0085700/
,http://sideeffects.embl.de/se/C0086437/
,http://sideeffects.embl.de/se/C0086588/
,http://sideeffects.embl.de/se/C0149507/
,http://sideeffects.embl.de/se/C0149844/
,http://sideeffects.embl.de/se/C0151295/
,http://sideeffects.embl.de/se/C0151448/
,http://sideeffects.embl.de/se/C0152026/
,http://sideeffects.embl.de/se/C0152099/
,http://sideeffects.embl.de/se/C0152101/
,http://sideeffects.embl.de/se/C0152116/
,http://sideeffects.embl.de/se/C0152132/
,http://sideeffects.embl.de/se/C0152134/
,http://sideeffects.embl.de/se/C0152136/
,http://sideeffects.embl.de/se/C0152216/
,http://sideeffects.embl.de/se/C0152217/
,http://sideeffects.embl.de/se/C0152222/
,http://sideeffects.embl.de/se/C0152232/
,http://sideeffects.embl.de/se/C0152255/
,http://sideeffects.embl.de/se/C0152259/
,http://sideeffects.embl.de/se/C0152276/
,http://sideeffects.embl.de/se/C0152423/
,http://sideeffects.embl.de/se/C0152439/
,http://sideeffects.embl.de/se/C0152460/
,http://sideeffects.embl.de/se/C0153381/
,http://sideeffects.embl.de/se/C0153398/
,http://sideeffects.embl.de/se/C0153405/
,http://sideeffects.embl.de/se/C0153437/
,http://sideeffects.embl.de/se/C0154694/
,http://sideeffects.embl.de/se/C0154874/
,http://sideeffects.embl.de/se/C0155223/
,http://sideeffects.embl.de/se/C0155448/
,http://sideeffects.embl.de/se/C0155502/
,http://sideeffects.embl.de/se/C0155533/
,http://sideeffects.embl.de/se/C0155534/
,http://sideeffects.embl.de/se/C0155843/
,http://sideeffects.embl.de/se/C0155930/
,http://sideeffects.embl.de/se/C0158300/
,http://sideeffects.embl.de/se/C0158309/
,http://sideeffects.embl.de/se/C0158454/
,http://sideeffects.embl.de/se/C0158731/
,http://sideeffects.embl.de/se/C0158940/
,http://sideeffects.embl.de/se/C0159970/
,http://sideeffects.embl.de/se/C0161680/
,http://sideeffects.embl.de/se/C0162309/
,http://sideeffects.embl.de/se/C0162359/
,http://sideeffects.embl.de/se/C0162473/
,http://sideeffects.embl.de/se/C0162482/
,http://sideeffects.embl.de/se/C0162538/
,http://sideeffects.embl.de/se/C0162576/
,http://sideeffects.embl.de/se/C0162651/
,http://sideeffects.embl.de/se/C0162670/
,http://sideeffects.embl.de/se/C0162671/
,http://sideeffects.embl.de/se/C0162672/
,http://sideeffects.embl.de/se/C0162674/
,http://sideeffects.embl.de/se/C0162679/
,http://sideeffects.embl.de/se/C0162770/
,http://sideeffects.embl.de/se/C0162836/
,http://sideeffects.embl.de/se/C0162839/
,http://sideeffects.embl.de/se/C0162849/
,http://sideeffects.embl.de/se/C0162851/
,http://sideeffects.embl.de/se/C0162853/
,http://sideeffects.embl.de/se/C0162872/
,http://sideeffects.embl.de/se/C0175702/
,http://sideeffects.embl.de/se/C0175816/
,http://sideeffects.embl.de/se/C0178324/
,http://sideeffects.embl.de/se/C0200396/
,http://sideeffects.embl.de/se/C0200416/
,http://sideeffects.embl.de/se/C0200453/
,http://sideeffects.embl.de/se/C0200695/
,http://sideeffects.embl.de/se/C0201473/
,http://sideeffects.embl.de/se/C0201477/
,http://sideeffects.embl.de/se/C0201479/
,http://sideeffects.embl.de/se/C0201483/
,http://sideeffects.embl.de/se/C0201530/
,http://sideeffects.embl.de/se/C0201534/
,http://sideeffects.embl.de/se/C0201535/
,http://sideeffects.embl.de/se/C0201657/
,http://sideeffects.embl.de/se/C0201660/
,http://sideeffects.embl.de/se/C0201829/
,http://sideeffects.embl.de/se/C0201834/
,http://sideeffects.embl.de/se/C0201835/
,http://sideeffects.embl.de/se/C0201836/
,http://sideeffects.embl.de/se/C0201838/
,http://sideeffects.embl.de/se/C0201839/
,http://sideeffects.embl.de/se/C0201850/
,http://sideeffects.embl.de/se/C0201879/
,http://sideeffects.embl.de/se/C0201883/
,http://sideeffects.embl.de/se/C0201888/
,http://sideeffects.embl.de/se/C0201898/
,http://sideeffects.embl.de/se/C0201899/
,http://sideeffects.embl.de/se/C0201900/
,http://sideeffects.embl.de/se/C0201924/
,http://sideeffects.embl.de/se/C0201930/
,http://sideeffects.embl.de/se/C0201932/
,http://sideeffects.embl.de/se/C0201933/
,http://sideeffects.embl.de/se/C0201950/
,http://sideeffects.embl.de/se/C0201968/
,http://sideeffects.embl.de/se/C0201973/
,http://sideeffects.embl.de/se/C0201975/
,http://sideeffects.embl.de/se/C0201979/
,http://sideeffects.embl.de/se/C0202006/
,http://sideeffects.embl.de/se/C0202022/
,http://sideeffects.embl.de/se/C0202025/
,http://sideeffects.embl.de/se/C0202035/
,http://sideeffects.embl.de/se/C0202036/
,http://sideeffects.embl.de/se/C0202053/
,http://sideeffects.embl.de/se/C0202056/
,http://sideeffects.embl.de/se/C0202081/
,http://sideeffects.embl.de/se/C0202083/
,http://sideeffects.embl.de/se/C0202084/
,http://sideeffects.embl.de/se/C0202086/
,http://sideeffects.embl.de/se/C0202087/
,http://sideeffects.embl.de/se/C0202093/
,http://sideeffects.embl.de/se/C0202105/
,http://sideeffects.embl.de/se/C0202110/
,http://sideeffects.embl.de/se/C0202113/
,http://sideeffects.embl.de/se/C0202115/
,http://sideeffects.embl.de/se/C0202117/
,http://sideeffects.embl.de/se/C0202118/
,http://sideeffects.embl.de/se/C0202144/
,http://sideeffects.embl.de/se/C0202159/
,http://sideeffects.embl.de/se/C0202178/
,http://sideeffects.embl.de/se/C0202194/
,http://sideeffects.embl.de/se/C0202207/
,http://sideeffects.embl.de/se/C0202230/
,http://sideeffects.embl.de/se/C0202236/
,http://sideeffects.embl.de/se/C0202239/
,http://sideeffects.embl.de/se/C0202241/
,http://sideeffects.embl.de/se/C0202251/
,http://sideeffects.embl.de/se/C0202252/
,http://sideeffects.embl.de/se/C0202304/
,http://sideeffects.embl.de/se/C0202311/
,http://sideeffects.embl.de/se/C0202321/
,http://sideeffects.embl.de/se/C0202335/
,http://sideeffects.embl.de/se/C0202348/
,http://sideeffects.embl.de/se/C0202349/
,http://sideeffects.embl.de/se/C0205696/
,http://sideeffects.embl.de/se/C0205711/
,http://sideeffects.embl.de/se/C0205748/
,http://sideeffects.embl.de/se/C0205770/
,http://sideeffects.embl.de/se/C0205788/
,http://sideeffects.embl.de/se/C0205792/
,http://sideeffects.embl.de/se/C0205824/
,http://sideeffects.embl.de/se/C0205825/
,http://sideeffects.embl.de/se/C0205858/
,http://sideeffects.embl.de/se/C0205898/
,http://sideeffects.embl.de/se/C0205944/
,http://sideeffects.embl.de/se/C0205945/
,http://sideeffects.embl.de/se/C0206019/
,http://sideeffects.embl.de/se/C0206042/
,http://sideeffects.embl.de/se/C0206064/
,http://sideeffects.embl.de/se/C0206081/
,http://sideeffects.embl.de/se/C0206083/
,http://sideeffects.embl.de/se/C0206139/
,http://sideeffects.embl.de/se/C0206142/
,http://sideeffects.embl.de/se/C0206146/
,http://sideeffects.embl.de/se/C0206172/
,http://sideeffects.embl.de/se/C0206182/
,http://sideeffects.embl.de/se/C0206186/
,http://sideeffects.embl.de/se/C0206239/
,http://sideeffects.embl.de/se/C0206366/
,http://sideeffects.embl.de/se/C0206368/
,http://sideeffects.embl.de/se/C0206369/
,http://sideeffects.embl.de/se/C0206586/
,http://sideeffects.embl.de/se/C0206620/
,http://sideeffects.embl.de/se/C0206622/
,http://sideeffects.embl.de/se/C0206628/
,http://sideeffects.embl.de/se/C0206630/
,http://sideeffects.embl.de/se/C0206632/
,http://sideeffects.embl.de/se/C0206634/
,http://sideeffects.embl.de/se/C0206636/
,http://sideeffects.embl.de/se/C0206637/
,http://sideeffects.embl.de/se/C0206644/
,http://sideeffects.embl.de/se/C0206646/
,http://sideeffects.embl.de/se/C0206647/
,http://sideeffects.embl.de/se/C0206650/
,http://sideeffects.embl.de/se/C0206651/
,http://sideeffects.embl.de/se/C0206653/
,http://sideeffects.embl.de/se/C0206655/
,http://sideeffects.embl.de/se/C0206656/
,http://sideeffects.embl.de/se/C0206657/
,http://sideeffects.embl.de/se/C0206661/
,http://sideeffects.embl.de/se/C0206663/
,http://sideeffects.embl.de/se/C0206672/
,http://sideeffects.embl.de/se/C0206673/
,http://sideeffects.embl.de/se/C0206685/
,http://sideeffects.embl.de/se/C0206694/
,http://sideeffects.embl.de/se/C0206695/
,http://sideeffects.embl.de/se/C0206708/
,http://sideeffects.embl.de/se/C0206711/
,http://sideeffects.embl.de/se/C0206716/
,http://sideeffects.embl.de/se/C0206717/
,http://sideeffects.embl.de/se/C0206718/
,http://sideeffects.embl.de/se/C0206726/
,http://sideeffects.embl.de/se/C0206728/
,http://sideeffects.embl.de/se/C0206731/
,http://sideeffects.embl.de/se/C0206734/
,http://sideeffects.embl.de/se/C0206735/
,http://sideeffects.embl.de/se/C0206736/
,http://sideeffects.embl.de/se/C0206737/
,http://sideeffects.embl.de/se/C0206739/
,http://sideeffects.embl.de/se/C0206743/
,http://sideeffects.embl.de/se/C0220636/
,http://sideeffects.embl.de/se/C0220754/
,http://sideeffects.embl.de/se/C0221025/
,http://sideeffects.embl.de/se/C0221058/
,http://sideeffects.embl.de/se/C0221074/
,http://sideeffects.embl.de/se/C0221123/
,http://sideeffects.embl.de/se/C0221227/
,http://sideeffects.embl.de/se/C0221259/
,http://sideeffects.embl.de/se/C0221353/
,http://sideeffects.embl.de/se/C0221355/
,http://sideeffects.embl.de/se/C0221356/
,http://sideeffects.embl.de/se/C0221357/
,http://sideeffects.embl.de/se/C0221759/
,http://sideeffects.embl.de/se/C0231341/
,http://sideeffects.embl.de/se/C0231687/
,http://sideeffects.embl.de/se/C0231696/
,http://sideeffects.embl.de/se/C0231791/
,http://sideeffects.embl.de/se/C0231792/
,http://sideeffects.embl.de/se/C0232100/
,http://sideeffects.embl.de/se/C0232347/
,http://sideeffects.embl.de/se/C0234166/
,http://sideeffects.embl.de/se/C0234379/
,http://sideeffects.embl.de/se/C0234512/
,http://sideeffects.embl.de/se/C0234523/
,http://sideeffects.embl.de/se/C0235574/
,http://sideeffects.embl.de/se/C0235752/
,http://sideeffects.embl.de/se/C0236300/
,http://sideeffects.embl.de/se/C0236795/
,http://sideeffects.embl.de/se/C0236818/
,http://sideeffects.embl.de/se/C0236969/
,http://sideeffects.embl.de/se/C0238015/
,http://sideeffects.embl.de/se/C0238096/
,http://sideeffects.embl.de/se/C0238122/
,http://sideeffects.embl.de/se/C0238156/
,http://sideeffects.embl.de/se/C0238190/
,http://sideeffects.embl.de/se/C0238265/
,http://sideeffects.embl.de/se/C0238286/
,http://sideeffects.embl.de/se/C0238288/
,http://sideeffects.embl.de/se/C0238397/
,http://sideeffects.embl.de/se/C0238454/
,http://sideeffects.embl.de/se/C0240912/
,http://sideeffects.embl.de/se/C0241593/
,http://sideeffects.embl.de/se/C0242287/
,http://sideeffects.embl.de/se/C0242387/
,http://sideeffects.embl.de/se/C0242401/
,http://sideeffects.embl.de/se/C0242488/
,http://sideeffects.embl.de/se/C0242490/
,http://sideeffects.embl.de/se/C0242644/
,http://sideeffects.embl.de/se/C0242666/
,http://sideeffects.embl.de/se/C0242670/
,http://sideeffects.embl.de/se/C0242706/
,http://sideeffects.embl.de/se/C0242707/
,http://sideeffects.embl.de/se/C0242852/
,http://sideeffects.embl.de/se/C0242992/
,http://sideeffects.embl.de/se/C0243025/
,http://sideeffects.embl.de/se/C0259771/
,http://sideeffects.embl.de/se/C0259785/
,http://sideeffects.embl.de/se/C0262534/
,http://sideeffects.embl.de/se/C0262587/
,http://sideeffects.embl.de/se/C0263313/
,http://sideeffects.embl.de/se/C0263390/
,http://sideeffects.embl.de/se/C0263409/
,http://sideeffects.embl.de/se/C0263628/
,http://sideeffects.embl.de/se/C0263859/
,http://sideeffects.embl.de/se/C0263957/
,http://sideeffects.embl.de/se/C0264134/
,http://sideeffects.embl.de/se/C0264303/
,http://sideeffects.embl.de/se/C0264353/
,http://sideeffects.embl.de/se/C0264558/
,http://sideeffects.embl.de/se/C0265097/
,http://sideeffects.embl.de/se/C0265103/
,http://sideeffects.embl.de/se/C0265313/
,http://sideeffects.embl.de/se/C0265316/
,http://sideeffects.embl.de/se/C0265354/
,http://sideeffects.embl.de/se/C0265357/
,http://sideeffects.embl.de/se/C0265529/
,http://sideeffects.embl.de/se/C0265534/
,http://sideeffects.embl.de/se/C0265654/
,http://sideeffects.embl.de/se/C0265706/
,http://sideeffects.embl.de/se/C0265985/
,http://sideeffects.embl.de/se/C0266283/
,http://sideeffects.embl.de/se/C0266284/
,http://sideeffects.embl.de/se/C0266463/
,http://sideeffects.embl.de/se/C0266464/
,http://sideeffects.embl.de/se/C0266483/
,http://sideeffects.embl.de/se/C0266484/
,http://sideeffects.embl.de/se/C0266765/
,http://sideeffects.embl.de/se/C0266766/
,http://sideeffects.embl.de/se/C0266919/
,http://sideeffects.embl.de/se/C0266999/
,http://sideeffects.embl.de/se/C0267048/
,http://sideeffects.embl.de/se/C0267211/
,http://sideeffects.embl.de/se/C0267830/
,http://sideeffects.embl.de/se/C0267878/
,http://sideeffects.embl.de/se/C0268079/
,http://sideeffects.embl.de/se/C0268226/
,http://sideeffects.embl.de/se/C0268425/
,http://sideeffects.embl.de/se/C0268842/
,http://sideeffects.embl.de/se/C0269102/
,http://sideeffects.embl.de/se/C0269291/
,http://sideeffects.embl.de/se/C0270707/
,http://sideeffects.embl.de/se/C0270742/
,http://sideeffects.embl.de/se/C0270960/
,http://sideeffects.embl.de/se/C0271185/
,http://sideeffects.embl.de/se/C0271202/
,http://sideeffects.embl.de/se/C0271379/
,http://sideeffects.embl.de/se/C0271680/
,http://sideeffects.embl.de/se/C0271685/
,http://sideeffects.embl.de/se/C0272199/
,http://sideeffects.embl.de/se/C0272203/
,http://sideeffects.embl.de/se/C0273058/
,http://sideeffects.embl.de/se/C0273112/
,http://sideeffects.embl.de/se/C0278152/
,http://sideeffects.embl.de/se/C0278601/
,http://sideeffects.embl.de/se/C0278996/
,http://sideeffects.embl.de/se/C0279530/
,http://sideeffects.embl.de/se/C0279702/
,http://sideeffects.embl.de/se/C0280788/
,http://sideeffects.embl.de/se/C0281508/
,http://sideeffects.embl.de/se/C0282312/
,http://sideeffects.embl.de/se/C0282607/
,http://sideeffects.embl.de/se/C0282687/
,http://sideeffects.embl.de/se/C0302272/
,http://sideeffects.embl.de/se/C0302273/
,http://sideeffects.embl.de/se/C0302278/
,http://sideeffects.embl.de/se/C0302356/
,http://sideeffects.embl.de/se/C0302892/
,http://sideeffects.embl.de/se/C0312416/
,http://sideeffects.embl.de/se/C0333980/
,http://sideeffects.embl.de/se/C0334121/
,http://sideeffects.embl.de/se/C0334463/
,http://sideeffects.embl.de/se/C0334576/
,http://sideeffects.embl.de/se/C0334590/
,http://sideeffects.embl.de/se/C0337428/
,http://sideeffects.embl.de/se/C0337434/
,http://sideeffects.embl.de/se/C0337439/
,http://sideeffects.embl.de/se/C0337441/
,http://sideeffects.embl.de/se/C0337443/
,http://sideeffects.embl.de/se/C0337445/
,http://sideeffects.embl.de/se/C0338451/
,http://sideeffects.embl.de/se/C0338484/
,http://sideeffects.embl.de/se/C0338486/
,http://sideeffects.embl.de/se/C0338489/
,http://sideeffects.embl.de/se/C0338503/
,http://sideeffects.embl.de/se/C0338538/
,http://sideeffects.embl.de/se/C0338586/
,http://sideeffects.embl.de/se/C0339510/
,http://sideeffects.embl.de/se/C0339543/
,http://sideeffects.embl.de/se/C0340630/
,http://sideeffects.embl.de/se/C0340756/
,http://sideeffects.embl.de/se/C0341106/
,http://sideeffects.embl.de/se/C0342409/
,http://sideeffects.embl.de/se/C0342731/
,http://sideeffects.embl.de/se/C0343029/
,http://sideeffects.embl.de/se/C0343192/
,http://sideeffects.embl.de/se/C0343525/
,http://sideeffects.embl.de/se/C0343755/
,http://sideeffects.embl.de/se/C0343941/
,http://sideeffects.embl.de/se/C0345905/
,http://sideeffects.embl.de/se/C0346010/
,http://sideeffects.embl.de/se/C0346326/
,http://sideeffects.embl.de/se/C0347515/
,http://sideeffects.embl.de/se/C0349609/
,http://sideeffects.embl.de/se/C0349788/
,http://sideeffects.embl.de/se/C0362046/
,http://sideeffects.embl.de/se/C0373527/
,http://sideeffects.embl.de/se/C0373535/
,http://sideeffects.embl.de/se/C0373546/
,http://sideeffects.embl.de/se/C0373557/
,http://sideeffects.embl.de/se/C0373568/
,http://sideeffects.embl.de/se/C0373573/
,http://sideeffects.embl.de/se/C0373587/
,http://sideeffects.embl.de/se/C0373588/
,http://sideeffects.embl.de/se/C0373606/
,http://sideeffects.embl.de/se/C0373638/
,http://sideeffects.embl.de/se/C0373670/
,http://sideeffects.embl.de/se/C0373677/
,http://sideeffects.embl.de/se/C0373691/
,http://sideeffects.embl.de/se/C0373706/
,http://sideeffects.embl.de/se/C0373715/
,http://sideeffects.embl.de/se/C0373716/
,http://sideeffects.embl.de/se/C0373719/
,http://sideeffects.embl.de/se/C0373720/
,http://sideeffects.embl.de/se/C0373727/
,http://sideeffects.embl.de/se/C0373745/
,http://sideeffects.embl.de/se/C0373748/
,http://sideeffects.embl.de/se/C0375071/
,http://sideeffects.embl.de/se/C0376185/
,http://sideeffects.embl.de/se/C0376329/
,http://sideeffects.embl.de/se/C0376618/
,http://sideeffects.embl.de/se/C0376620/
,http://sideeffects.embl.de/se/C0376710/
,http://sideeffects.embl.de/se/C0391936/
,http://sideeffects.embl.de/se/C0391940/
,http://sideeffects.embl.de/se/C0391941/
,http://sideeffects.embl.de/se/C0392201/
,http://sideeffects.embl.de/se/C0392885/
,http://sideeffects.embl.de/se/C0393484/
,http://sideeffects.embl.de/se/C0393799/
,http://sideeffects.embl.de/se/C0393819/
,http://sideeffects.embl.de/se/C0393851/
,http://sideeffects.embl.de/se/C0395887/
,http://sideeffects.embl.de/se/C0398367/
,http://sideeffects.embl.de/se/C0399526/
,http://sideeffects.embl.de/se/C0403823/
,http://sideeffects.embl.de/se/C0406486/
,http://sideeffects.embl.de/se/C0409312/
,http://sideeffects.embl.de/se/C0409959/
,http://sideeffects.embl.de/se/C0410060/
,http://sideeffects.embl.de/se/C0410330/
,http://sideeffects.embl.de/se/C0410342/
,http://sideeffects.embl.de/se/C0424624/
,http://sideeffects.embl.de/se/C0428221/
,http://sideeffects.embl.de/se/C0431380/
,http://sideeffects.embl.de/se/C0442834/
,http://sideeffects.embl.de/se/C0456889/
,http://sideeffects.embl.de/se/C0458101/
,http://sideeffects.embl.de/se/C0458224/
,http://sideeffects.embl.de/se/C0472377/
,http://sideeffects.embl.de/se/C0474543/
,http://sideeffects.embl.de/se/C0474740/
,http://sideeffects.embl.de/se/C0474824/
,http://sideeffects.embl.de/se/C0476201/
,http://sideeffects.embl.de/se/C0494827/
,http://sideeffects.embl.de/se/C0520799/
,http://sideeffects.embl.de/se/C0521607/
,http://sideeffects.embl.de/se/C0522872/
,http://sideeffects.embl.de/se/C0523465/
,http://sideeffects.embl.de/se/C0523476/
,http://sideeffects.embl.de/se/C0523498/
,http://sideeffects.embl.de/se/C0523509/
,http://sideeffects.embl.de/se/C0523571/
,http://sideeffects.embl.de/se/C0523744/
,http://sideeffects.embl.de/se/C0523809/
,http://sideeffects.embl.de/se/C0523952/
,http://sideeffects.embl.de/se/C0523961/
,http://sideeffects.embl.de/se/C0523997/
,http://sideeffects.embl.de/se/C0524161/
,http://sideeffects.embl.de/se/C0524167/
,http://sideeffects.embl.de/se/C0524688/
,http://sideeffects.embl.de/se/C0524812/
,http://sideeffects.embl.de/se/C0541912/
,http://sideeffects.embl.de/se/C0542142/
,http://sideeffects.embl.de/se/C0544755/
,http://sideeffects.embl.de/se/C0544766/
,http://sideeffects.embl.de/se/C0546632/
,http://sideeffects.embl.de/se/C0546660/
,http://sideeffects.embl.de/se/C0549423/
,http://sideeffects.embl.de/se/C0556346/
,http://sideeffects.embl.de/se/C0559469/
,http://sideeffects.embl.de/se/C0560651/
,http://sideeffects.embl.de/se/C0566602/
,http://sideeffects.embl.de/se/C0577612/
,http://sideeffects.embl.de/se/C0577625/
,http://sideeffects.embl.de/se/C0587178/
,http://sideeffects.embl.de/se/C0587248/
,http://sideeffects.embl.de/se/C0598608/
,http://sideeffects.embl.de/se/C0600177/
,http://sideeffects.embl.de/se/C0600268/
,http://sideeffects.embl.de/se/C0600336/
,http://sideeffects.embl.de/se/C0600427/
,http://sideeffects.embl.de/se/C0600452/
,http://sideeffects.embl.de/se/C0600519/
,http://sideeffects.embl.de/se/C0677501/
,http://sideeffects.embl.de/se/C0678201/
,http://sideeffects.embl.de/se/C0684219/
,http://sideeffects.embl.de/se/C0684343/
,http://sideeffects.embl.de/se/C0687751/
,http://sideeffects.embl.de/se/C0700101/
,http://sideeffects.embl.de/se/C0700251/
,http://sideeffects.embl.de/se/C0700501/
,http://sideeffects.embl.de/se/C0701818/
,http://sideeffects.embl.de/se/C0729353/
,http://sideeffects.embl.de/se/C0729829/
,http://sideeffects.embl.de/se/C0730292/
,http://sideeffects.embl.de/se/C0740343/
,http://sideeffects.embl.de/se/C0740385/
,http://sideeffects.embl.de/se/C0740386/
,http://sideeffects.embl.de/se/C0740387/
,http://sideeffects.embl.de/se/C0740391/
,http://sideeffects.embl.de/se/C0740392/
,http://sideeffects.embl.de/se/C0742186/
,http://sideeffects.embl.de/se/C0742803/
,http://sideeffects.embl.de/se/C0749095/
,http://sideeffects.embl.de/se/C0749098/
,http://sideeffects.embl.de/se/C0751000/
,http://sideeffects.embl.de/se/C0751122/
,http://sideeffects.embl.de/se/C0751194/
,http://sideeffects.embl.de/se/C0751257/
,http://sideeffects.embl.de/se/C0751383/
,http://sideeffects.embl.de/se/C0751396/
,http://sideeffects.embl.de/se/C0751463/
,http://sideeffects.embl.de/se/C0751513/
,http://sideeffects.embl.de/se/C0751533/
,http://sideeffects.embl.de/se/C0751559/
,http://sideeffects.embl.de/se/C0751560/
,http://sideeffects.embl.de/se/C0751572/
,http://sideeffects.embl.de/se/C0751587/
,http://sideeffects.embl.de/se/C0751774/
,http://sideeffects.embl.de/se/C0751925/
,http://sideeffects.embl.de/se/C0751951/
,http://sideeffects.embl.de/se/C0751964/
,http://sideeffects.embl.de/se/C0752130/
,http://sideeffects.embl.de/se/C0752166/
,http://sideeffects.embl.de/se/C0752179/
,http://sideeffects.embl.de/se/C0752219/
,http://sideeffects.embl.de/se/C0812454/
,http://sideeffects.embl.de/se/C0813178/
,http://sideeffects.embl.de/se/C0846967/
,http://sideeffects.embl.de/se/C0853181/
,http://sideeffects.embl.de/se/C0853934/
,http://sideeffects.embl.de/se/C0854995/
,http://sideeffects.embl.de/se/C0855605/
,http://sideeffects.embl.de/se/C0857876/
,http://sideeffects.embl.de/se/C0858243/
,http://sideeffects.embl.de/se/C0859897/
,http://sideeffects.embl.de/se/C0860549/
,http://sideeffects.embl.de/se/C0863174/
,http://sideeffects.embl.de/se/C0863178/
,http://sideeffects.embl.de/se/C0869474/
,http://sideeffects.embl.de/se/C0872084/
,http://sideeffects.embl.de/se/C0877149/
,http://sideeffects.embl.de/se/C0878675/
,http://sideeffects.embl.de/se/C0878677/
,http://sideeffects.embl.de/se/C0917731/
,http://sideeffects.embl.de/se/C0917814/
,http://sideeffects.embl.de/se/C0917890/
,http://sideeffects.embl.de/se/C0917981/
,http://sideeffects.embl.de/se/C0917990/
,http://sideeffects.embl.de/se/C0919628/
,http://sideeffects.embl.de/se/C0919646/
,http://sideeffects.embl.de/se/C0919677/
,http://sideeffects.embl.de/se/C0919678/
,http://sideeffects.embl.de/se/C0919758/
,http://sideeffects.embl.de/se/C0919773/
,http://sideeffects.embl.de/se/C0919829/
,http://sideeffects.embl.de/se/C0919834/
,http://sideeffects.embl.de/se/C0920210/
,http://sideeffects.embl.de/se/C0936016/
,http://sideeffects.embl.de/se/C0936248/
,http://sideeffects.embl.de/se/C0936251/
,http://sideeffects.embl.de/se/C0948163/
,http://sideeffects.embl.de/se/C0948187/
,http://sideeffects.embl.de/se/C0948355/
,http://sideeffects.embl.de/se/C0948480/
,http://sideeffects.embl.de/se/C0949272/
,http://sideeffects.embl.de/se/C0949445/
,http://sideeffects.embl.de/se/C0950121/
,http://sideeffects.embl.de/se/C1095984/
,http://sideeffects.embl.de/se/C1095989/
,http://sideeffects.embl.de/se/C1096100/
,http://sideeffects.embl.de/se/C1096155/
,http://sideeffects.embl.de/se/C1096202/
,http://sideeffects.embl.de/se/C1135196/
,http://sideeffects.embl.de/se/C1136179/
,http://sideeffects.embl.de/se/C1141639/
,http://sideeffects.embl.de/se/C1141947/
,http://sideeffects.embl.de/se/C1141990/
,http://sideeffects.embl.de/se/C1142083/
,http://sideeffects.embl.de/se/C1142098/
,http://sideeffects.embl.de/se/C1142101/
,http://sideeffects.embl.de/se/C1142110/
,http://sideeffects.embl.de/se/C1142254/
,http://sideeffects.embl.de/se/C1142307/
,http://sideeffects.embl.de/se/C1142379/
,http://sideeffects.embl.de/se/C1142517/
,http://sideeffects.embl.de/se/C1142562/
,http://sideeffects.embl.de/se/C1148522/
,http://sideeffects.embl.de/se/C1167688/
,http://sideeffects.embl.de/se/C1167755/
,http://sideeffects.embl.de/se/C1167912/
,http://sideeffects.embl.de/se/C1168020/
,http://sideeffects.embl.de/se/C1168037/
,http://sideeffects.embl.de/se/C1168250/
,http://sideeffects.embl.de/se/C1168591/
,http://sideeffects.embl.de/se/C1262735/
,http://sideeffects.embl.de/se/C1262886/
,http://sideeffects.embl.de/se/C1262888/
,http://sideeffects.embl.de/se/C1275592/
,http://sideeffects.embl.de/se/C1292753/
,http://sideeffects.embl.de/se/C1305740/
,http://sideeffects.embl.de/se/C1306710/
,http://sideeffects.embl.de/se/C1313921/
,http://sideeffects.embl.de/se/C1318543/
,http://sideeffects.embl.de/se/C1321489/
,http://sideeffects.embl.de/se/C1321756/
,http://sideeffects.embl.de/se/C1328409/
,http://sideeffects.embl.de/se/C1328418/
,http://sideeffects.embl.de/se/C1328729/
,http://sideeffects.embl.de/se/C1333990/
,http://sideeffects.embl.de/se/C1363854/
,http://sideeffects.embl.de/se/C1368355/
,http://sideeffects.embl.de/se/C1368683/
,http://sideeffects.embl.de/se/C1384493/
,http://sideeffects.embl.de/se/C1384641/
,http://sideeffects.embl.de/se/C1450010/
,http://sideeffects.embl.de/se/C1456868/
,http://sideeffects.embl.de/se/C1504464/
,http://sideeffects.embl.de/se/C1509130/
,http://sideeffects.embl.de/se/C1509147/
,http://sideeffects.embl.de/se/C1510437/
,http://sideeffects.embl.de/se/C1510479/
,http://sideeffects.embl.de/se/C1510502/
,http://sideeffects.embl.de/se/C1527310/
,http://sideeffects.embl.de/se/C1532322/
,http://sideeffects.embl.de/se/C1533161/
,http://sideeffects.embl.de/se/C1535922/
,http://sideeffects.embl.de/se/C1536085/
,http://sideeffects.embl.de/se/C1568363/
,http://sideeffects.embl.de/se/C1569637/
,http://sideeffects.embl.de/se/C1609481/
,http://sideeffects.embl.de/se/C1619716/
,http://sideeffects.embl.de/se/C1619738/
,http://sideeffects.embl.de/se/C1622510/
,http://sideeffects.embl.de/se/C1691215/
,http://sideeffects.embl.de/se/C1696469/
,http://sideeffects.embl.de/se/C1704275/
,http://sideeffects.embl.de/se/C1704356/
,http://sideeffects.embl.de/se/C1706412/
,http://sideeffects.embl.de/se/C1739108/
,http://sideeffects.embl.de/se/C1739395/
,http://sideeffects.embl.de/se/C1868193/
,http://sideeffects.embl.de/se/C1868720/
,http://sideeffects.embl.de/se/C1955861/
,http://sideeffects.embl.de/se/C1956097/
,http://sideeffects.embl.de/se/C1959632/
,http://sideeffects.embl.de/se/C1963763/
,http://sideeffects.embl.de/se/C2106410/
,http://sideeffects.embl.de/se/C2237660/
,http://sideeffects.embl.de/se/C2242674/
,http://sideeffects.embl.de/se/C2242675/
,http://sideeffects.embl.de/se/C2242703/
,http://sideeffects.embl.de/se/C2242710/
,http://sideeffects.embl.de/se/C2242813/
,http://sideeffects.embl.de/se/C2316166/
,http://sideeffects.embl.de/se/C2349952/
,http://sideeffects.embl.de/se/C2350476/
,http://sideeffects.embl.de/se/C2350529/
,http://sideeffects.embl.de/se/C2350622/
,http://sideeffects.embl.de/se/C2363129/
,http://sideeffects.embl.de/se/C2363999/
,http://sideeffects.embl.de/se/C2587208/
,http://sideeffects.embl.de/se/C2609090/
,http://sideeffects.embl.de/se/C2609259/
,http://sideeffects.embl.de/se/C2609437/
,http://sideeffects.embl.de/se/C2717756/
,http://sideeffects.embl.de/se/C2745959/
,http://sideeffects.embl.de/se/C2919945/
,http://sideeffects.embl.de/se/C2936290/
,http://sideeffects.embl.de/se/C2936786/
,http://sideeffects.embl.de/se/C2937421/
,http://sideeffects.embl.de/se/C2945606/
,http://sideeffects.embl.de/se/C2986717/
,http://sideeffects.embl.de/se/C3165062/
,http://sideeffects.embl.de/se/C3203357/
,http://sideeffects.embl.de/se/C3203727/
,http://sideeffects.embl.de/se/C3266898/
,http://sideeffects.embl.de/se/C3276706/
,http://sideeffects.embl.de/se/C3472614/
,http://sideeffects.embl.de/se/C3494422/
,http://sideeffects.embl.de/se/C3495145/
,http://sideeffects.embl.de/se/C3536958/
