Title,Date
[청주가볼만한곳] 초정약수터 - 세계3대광천수 / 세종대왕의 숨결이 깃든 곳,2017.02.25
[초정약수터] 세계 3대 광천수로 유명한 천연 탄산 약수터,2017.06.05
# 피부 그대로의 모습을 지켜주는 세계3대광천수 초정광천수 효능!,2017.04.26
초정약수터 - 세계 3대 광천수  초정리광천수(초정탄산수),2016.08.21
초정약수원탕 탄산수효능 세계3대광천수 다녀왔어요,2016.03.06
세계 3대 광천수 초정약수터에 다녀왔어요,2016.04.21
세계3대광천수중 하나 청주 초정약수!!,2017.04.25
초정약수-세계 3대 광천수,2017.03.15
상그니 청주 세계3대광천수 초정약수스파텔 찜질방 1탄,2017.06.19
세계3대 광천수  초정약수가 샘솟는  '초정약수공원',2015.10.10
상그니 청주 세계3대광천수 초정약수스파텔 찜질방 2탄,2017.06.20
청주여행) 세계 3대 광천수로 유명한 초정약수터,2014.11.23
세계 3대 광천수 백두산 광천수 난개발 우려. 농심 백산수도,2016.08.24
초정약수원탕 - 전국온천중 초정리광천수 세계3대광천수,2012.09.26
세계 3대 광천수 ㅣ 청주 초정약수,2015.04.06
세계 3대 광천수를 찾아 초정리로 향하다,2012.07.14
초정문화공원/초정약수원탕 둘러보기 - 세계3대광천수,2015.10.06
충북청원1박2일여행중 스파로 피로를 풀게 된 세계 3대광천수 초정약수 세종스파텔(초정약수터),2013.08.02
[일상] 다이어트 탄산수 추천! 크리스탈가이저탄산수 - 세계 3대 광천수,2016.09.04
[초정약수] 세계 3대 광천수  초정약수를 찾아서!~ ^^,2015.07.24
초정약수원탕 - 세계3대광천수인 초정리광천수로 목욕하세요(청주 가볼만한곳),2014.06.16
초정약수 - 충북 볼거리 세계 3대 광천수,2011.08.30
[20151226일상]세계3대광천수 초정리광천수에서 목욕하고왔어요~:D  초정약수원탕♬,2016.01.21
[청주여행/초정리] 세계3대 광천수를 만나러 갑니다.,2012.02.19
세계3대 광천수 약수물 뜨는 곳 - (초정약수원탕 / 초정약수터 / 일화 초정탄산수 / 맥콜 제조 회사),2015.10.12
<청주관광지> 세계 3대 광천수 "초정약수",2014.04.16
[즐길거리] 충북 청주시 청원구 초정리 세계3대광천수 탄산수사우나 "초정약수원탕",2016.03.12
[케어존 노르데나우 워터 젤 크림] 세계3대광천수 수분크림 :: 올리브영 수분크림,2016.03.10
세계3대광천수 초정리광천수 초정약수원탕에 다녀왔어요,2014.02.04
청주전원주택매매//세계3대광천수 초정리가있는 공기좋고 물좋은 초정리전원주택매매,2017.03.20
[청주 초정약수] 세계 3대 광천수 - 청주 초정약수,2015.03.23
(청주/청원여행) 세계3대 광천수 - 초정약수,2014.04.07
진화광수비누입니다.세계3대초정탄산광천수 천연수제비누,2017.03.28
세계3대광천수 뭔가 있어,2014.12.08
[초정탄산수]세계 3대광천수 초정약수터 가는 길~!_톡쏘는 물맛,2015.06.15
[전국온천] 초정리 광천수 - 초정리온천  세계3대광천수 초정리광천수,2011.05.01
세종대왕께서 인정하신 세계3대 광천수 초정약수. 초정약수원탕 다녀왔어요.,2015.05.22
충북여행... 세계3대 광천수 초정약수 맛을 보고 오다.,2013.04.18
세계3대광천수 초정탄산수,2016.05.29
세계 3대 광천수..초정약수목욕하세요.,2004.12.01
[the 수]세계 3대 광천수 초정약수로 만든 프리미엄 유기농 물티슈 "the 수",2013.12.06
세계3대광천수 친구랑~~~우정쌓기,2017.01.24
장백산 광천수 세계 3대 광천수 예상,2005.09.12
[다이어트] 잰양의 탄산수 사랑♥ 세계 3대 광천수 일화 초정탄산수!! + 탄산수 다이어트?,2012.03.02
세계 3대 광천수를 즐길 수 있는 제11회 세종대왕과 초정약수축제 2017년5월26일부터 28일까지 개최,2017.05.25
[초정약수터] 초정약수원탕 세계3대 광천수 약수물 뜨는 곳,2013.09.16
〔충북 청원〕세종대왕의 안질을 치료하고 세계 3대 광천수로 꼽히는 초정리광천수 맛보고 즐기러! '초정약수원탕',2012.01.11
세계 3대 광천수 중 한곳  충북청원 초정리 광천수,2016.11.01
초정리 세계 3대 광천수,2013.09.30
청주여행 세계3대광천수 초정리 약수는 천연사이다,2016.09.13
세계3대 광천수 초정탄산수 탄산수효능 알아보아요,2016.12.31
[헤이룽장 - 오대련지(우다롄츠)] 중국 최초의 화산자연보호구  세계 3대 광천수로 이름난 오대련지,2010.03.25
세계 3대 광천수 [ 초정 탄산수 / 초정약수원탕 ],2014.05.31
세종대왕이 눈병을 고쳤다는 왕의 약수 세계3대광천수로 인정받은 초정약수 세종스파텔 온천여행 청원여행,2013.08.02
오늘은 세계 3대 광천수 초정약수에 대해 알아봅니다,2017.01.18
[초정숙박] 청원여행 세계 3대 광천수 세종대왕의 병을 고친 약수로 목욕을 할수 있는 ~ 초정약수 세종스파텔,2013.07.31
세계 3대 광천수의 으뜸 충북 초정약수,2014.04.18
세계3대 광천수 초정약수축제~,2016.05.30
피서와 힐링 최고의 명소  세종대왕이 직접 가서 병을 고친 세계3대광천수 초정약수/세종스파텔,2013.07.22
[초정미라클] 초정광천수의 특별한 효능! / 초정탄산수 원료 / 세계3대광천수 / 탄산수 / 미네랄 / 약산성,2017.04.13
세계3대 광천수 초정약수터로 나들이 왔어유~,2016.03.17
초정광천수 함유! 위클라 스파클링 손상모 헤어팩,2017.05.14
초정광천수 바디미스트 추천해요,2017.05.14
초정광천수 세종대왕 병도낫게한 신비의 탄산수!,2017.04.29
청주여행|세종대왕도 찾으신 세계 3대 광천수 초정약수,2015.12.17
손상모헤어팩 위클라 리플레니쉬스파클링헤어팩(초정광천수함유),2017.05.13
초정광천수 역사와 초정광천수 효과 알아보기,2017.05.01
초정리광천수/ 위클라 리플레니쉬 스파클링 헤어팩,2017.05.10
헤어팩은 초정리광천수로 만든 위클라 리플레쉬 스파클링 헤어팩,2017.05.11
초정광천수 손상모헤어팩 :: 위클라 리플레니쉬 스파클링 헤어팩,2017.05.13
초정광천수 화장품 할인정보 공유,2017.04.26
세계3대 광천수로 인정 받는 초정리 광천수로 만든 초정탄산수(Cho Jung),2016.05.12
우리의 피부나 위장에 좋은 물은 바로 초정광천수!!,2017.05.08
임산부를 위한 음료수 - 초정탄산수  세계 3대 광천수~,2015.05.02
세계3대 광천수 초정약수~톡 쏘는 맛^^,2016.04.14
탄산수추천 세계3대광천수 중 하나인 초정탄산수,2014.08.29
[초정미라클] 세계3대광천/초정광천수/탄산수,2017.01.14
바디미스트추천 초정광천수 88스파클링 시크릿 미스트로 촉촉하게!,2017.04.25
얼굴각질제거 :: 초정리광천수 닥터에이지 BHA 라이토닝 이레이저 와입스,2017.05.16
세계3대광천수 초정탄산수,2015.03.31
세계 3대 광천수의 수분홀딩! 뷰티콜라겐 레파로 초정탄산수 88 수분젤,2016.03.03
손상모헤어팩 초정리광천수 ★ 위클라 리플레니쉬 스파클링 헤어팩,2017.05.10
손상모헤어팩 초정광천수 위클라 헤어팩*,2017.04.24
세계 3대 광천수(기적의 물),2011.05.25
초정광천수 화장품 효능  할인정보는?,2017.04.26
세종대왕의 안질과 위장병을 고친 세계3대광천수-초정약수,2010.05.01
[초정광천수] 초정광천수 역사를 소개합니다.,2017.04.30
탄산수 추천 세계3대 광천수 초정탄산수,2014.09.22
초정약수가는길 세계3대 광천수 건강여행 하세요,2015.02.09
세계3대 광천수로 알려진 초정약수  그리고 원탕 ♬ 오늘 뜬 해는 몇 번째 해돋이일까요?,2011.01.08
초정광천수로 만든 초정 88 스파클링 시크릿 바디미스트 추천,2017.05.14
손상모헤어팩 추천 : 초정광천수 위클라 헤어팩,2017.04.30
초정리광천수 손상모헤어팩,2017.04.23
술기행 - 초정리 광천수로 담근 세종어주가 맛있는 장희도가!,6일 
손상모 헤어팩  초정광천수 헤어팩으로 두피보호까지!,2017.04.23
#초정광천수 #헤어팩 으로 손상된 머릿결 관리하세요! #손상모헤어팩 #초정탄산수,2017.05.12
세계3대광천수 세종대왕께서도 드셨다는 초정약수!!,2011.05.19
[베베포포 물티슈]세계3대 초정광천수로 만든 물티슈 베베포포~(1),2013.01.20
[탄산수리뷰2탄] 세계 3대 광천수 초정리광천수_ 초정탄산수,2012.11.30
[탄산수] 세계 3대 광천수 초정리광천수_ 초정탄산수,2014.07.24
[초정]초정광천수 초정미라클 - 초정광천수 효능과 화장품 할인정보알아보기!,2017.04.26
세종대왕의 병도 낮게한 치료수  세계 3대 광천수인 초정광천수의 역사적 가치,2015.01.13
[초정리 탄산온천] 청주 초정약수원탕 - 세계 3대 광천수,2014.09.11
[하이트진로음료/진로 생수] 진로석수는 세계3대광천수를 원료로한답니다,2014.02.02
초정광천수 효과 아세요? 몸에 좋은 물 초정광천수 효능 알아봐요,2017.05.15
초정광천수 여름철피부관리하기+초정광천수 성분알기!,2017.05.07
세계 3대 광천수 초정리 탄산온천과 맛집 길성이 누룽지 백숙,2012.07.21
좌구산과 초정약수...가벼운 걸음으로 산행 후 광천수 한 모금.,2016.12.19
힐링여행 초정리 세계 3대 광천수 맛집 길성이 누룽지백숙,2012.11.22
조청광천수 효과/조청광천수 제품으로 온가족 피부관리,2017.05.15
단비랑 미스트 :: 세계 3대 광천수 '초정광천수' 를 미스트에 담다.,2013.10.24
힐링 국내스파여행 세계 3대 광천수 [ 초정리 온천 세종 스파텔 ],2014.11.08
세계 3대 광천 초정리 광천수 일화 초정 탄산수,2016.03.26
[베베포포] 세계3대 초정광천수로 만들어진 베베포포 아기 물티슈를 만났어요 ① ^^,2013.01.22
초정광천수 성분 및 초정광천수 제품 파헤쳐보기!,2017.05.17
초정광천수 화장품을 만나볼까요~,2017.04.30
지린성  '세계 3대 광천수' 백두산 생수 개발 박차,2013.04.02
세계 3대 광천수 초정약수를  사용한 안전한 물티슈 베베포포,2014.11.25
세계 3대 광천수 "초정 탄산수" ( World Top 3 Cho Jung Sparkling Water) 500ml / 칼로리 및 가격 정보/ 탄산수 추천!,2014.06.18
초정광천수 성분과 효능 아세요? 초정광천수 제품 추천!,2017.05.13
[엄마사랑 물티슈] 세계3대 광천수인 초정약수를 넣어 물이 좋은 물티슈 #1,2012.08.08
세종스파텔 - 초정리 광천수 들어보셨나요?,2015.05.16
세계 3대 광천인 초정리 광천수로 만든 초정탄산수,2016.05.31
초정리 광천수가 퐁퐁 샘 솟아  전설의 맛을 찾아서,2015.04.29
세계 3대 광천수 초정탄산수로 만들 물티슈 슈가베이비 물티슈 # 착한가격 물티슈#,2015.10.14
[베베포포] 세계3대 초정광천수로 만들어진 베베포포 아기 물티슈를 사용해봤어요. ② ^^,2013.01.23
세계 3대 광천수인 초정리 광천수로 만든 초정탄산수!,2013.09.09
600년 역사의 세계 3대 광천수  세종대왕도 드셨다는 초청약수! 충북 청주시에서 열리는 초정약수축제를 소개합니다 :),2015.05.14
아토피물티슈 세계3대 광천수로 만들어 효과 톡톡!,2016.05.09
세종대왕과 초정약수 축제♡초정약수축제/초정약수/청원군 초정/내수읍 초정/약수축제/초정/세종대왕/청원군축제/세계3대광천수,2014.06.18
세계3대 광천수 초정에 있는 맛집 초정묵집,2013.11.09
천연발효 비누에 탄산을 담은 세계3대 초정탄산광천수로 만든 진화광수비누,2017.03.20
마이크로워터 볼비앙 여행용키트 워터클렌징+초정광천수,2017.04.23
초정약수(탄산 광천수)는 세계3대 광천수,2011.03.26
천혜의 자연 환경   초정광천수와 더불어 세계 3대광천수인 미국 캘리포니아의 샤스타 마운트,2015.01.20
"초정탄산수" 3대 광천수로 만든 탄산수,2015.04.19
초정약수터 - 세종의 피부병과 위장병을 치유했던 세계 3대 광천수,2007.08.07
[베베포포 물티슈] 깐깐한 엄마들의 선택! 세계3대광천수를 담아 순한 물티슈 사용기.,2013.01.06
탄산수  광천수 또는 스파클링 워터,2010.08.03
[초정광천수] 초정광천수 pH 약산성 테스트,2016.06.28
[잠와몰] 건조한 피부에 수분과 영양 공급  세계3대 광천수 초정약수로 만든 단비랑 미스트,2014.11.30
■ 토요 특선 번개 후기 ■ 10월11일(토) 충북 초정리 광천수(2),2008.10.11
오베오 진화광수 버블비누 :) 초정광천수가 함유된 천연 수제비누,2015.02.22
초정리 온천  세종스파텔  초정리 광천수,2015.02.21
건선치료하러 세종스파텔 광천수 온천,2015.07.23
‘세계 3대 ???’로 불리는 것들 모음,2015.05.20
초정탄산수-일화 초정리 광천수 제품 1.5리터 대용랑 저렴한 추천 제품 구입 시음기,2014.07.08
초정광천수를 사용한 아기물티슈 베베포포,2015.02.13
초정미라클 초정광천수 효과 역사 알아볼까?,2017.05.02
좌대낚시]초평저수지 광섭이네  초정 광천수 온천  길성이 백숙,2014.05.06
초정리광천수로 만든 오일미스트 촉촉해,2017.05.14
‘세계 3대 광천수’ 백두산 천지  때 아닌 생수 전쟁 - 중국시장 24조원,2015.10.22
[충북 청원]초정리 광천수,2012.06.18
3대 광천수 초정의 하늘,2016.09.03
바디미스트 초정광천수로 촉촉하게,2017.05.12
초정리 광천수 : 초정 탄산수,2014.02.18
초정리 광천수로 만든 탄산수 초정탄산수,2013.04.01
가인부동산-초정/전원주택부지/세계3대광천수/청주청원토지/전원주택/초정약수터/약수터,2012.02.14
[맘스원데이품평단] 세계3대 초정약수와 한방을 담은 물티슈를 만났어요.,2011.04.23
초정광천수 함유 바디미스트 초정미라클 오일미스트 후기,2017.05.14
손상모헤어팩 #초정광천수 위클라 스파클링 헤어팩 후기,2017.05.12
초정광천수 바하 필링팩::닥터에이지 BHA 라이토닝 이레이저 와입스,2017.05.15
[바디미스트] 초정광천수로 만든 초정 88 스파클링 시크릿 바디미스트 :),2017.05.16
손상모헤어팩 추천  초정광천수 위클라 스파클링 헤어팩,2017.05.14
[S.talk] 초정에 오시면 초정약수물을 꽁짜로 받아가실수 있어용~ 초정리광천수/초정탄산수,2012.06.06
초정광천수로 만든 초정미라클마스크&단비랑미스트,2013.10.10
[초정광천수] 건강한 물  초정광천수 성분!,2017.05.05
피부에 좋은 물) 초정광천수 효능 ::: 그냥 물이 아닙니다!,2017.05.15
세계 3대 광천수 초정리광천수,2009.05.28
[수분크림 추천]케어존 닥터솔루션 노르데나우 워터 젤크림(세계 3대명수 독일의 광천수) 쿨링 수분팡팡!,2016.06.09
초정리광천수 / 세종스파텔사우나 /초정약수원탕 / 초정묵밥집,2017.05.03
손상모 헤어팩 :) 푸석한 내머리에 초정광천수 스파클링 헤어팩 !!,2017.05.11
초정광천수 위클라 리플레니쉬 스파클링 헤어팩 - 머릿결을 위한 미네랄가득한 약산성 손상모헤어팩,2017.05.10
[물의종류] 광천수 이온수 육각수 등 물의 종류와 물 감별사 워터 소믈리에,2012.04.30
초정광천수 세종대왕과 어떤 인연이 있길래,2017.04.29
초정약수... 청주 먹거리  숨겨진 볼거리 초정약수터 초정약수원탕 초정리광천수...,2015.03.19
세계3대광천수 초정 표지석,2015.07.17
피부질환으로 고생하시는 분들께 추천하는 여행지[청주시초정리광천수]-대전선우렌트카,2017.05.24
[청원여행]초정약수 세종스파텔 광천수 사우나,2015.08.10
바디미스트 초정광천수 촉촉미스트 사용후기♥,2017.04.24
백두산 광천수 생산공장의 아트라스콥코 ZD 에어컴